{"cameraMode":{"drawMode":0,"name":"Shaded","section":"Shading Mode"},"sceneLighting":true,"audioPlay":false,"sceneViewState":{"m_AlwaysRefresh":false,"showFog":true,"showSkybox":true,"showFlares":true,"showImageEffects":true,"showParticleSystems":true,"showVisualEffectGraphs":true,"m_FxEnabled":true},"in2DMode":false,"pivot":{"x":-0.2280949354171753,"y":4.848335266113281,"z":-8.604642868041993},"rotation":{"x":0.0677422508597374,"y":-0.02125486172735691,"z":0.0014423395041376353,"w":0.9974842071533203},"size":1.7530741691589356,"orthographic":false}