{"cameraMode":{"drawMode":0,"name":"Shaded","section":"Shading Mode"},"sceneLighting":true,"audioPlay":false,"sceneViewState":{"m_AlwaysRefresh":false,"showFog":true,"showSkybox":true,"showFlares":true,"showImageEffects":true,"showParticleSystems":true,"showVisualEffectGraphs":true,"m_FxEnabled":true},"in2DMode":false,"pivot":{"x":-0.14250415563583375,"y":0.9567837119102478,"z":-0.031108975410461427},"rotation":{"x":0.061770178377628329,"y":-0.00030461690039373934,"z":0.000017813794329413213,"w":0.9980993270874023},"size":1.0488364696502686,"orthographic":false}