{"cameraMode":{"drawMode":0,"name":"Shaded","section":"Shading Mode"},"sceneLighting":true,"audioPlay":false,"sceneViewState":{"m_AlwaysRefresh":false,"showFog":true,"showSkybox":true,"showFlares":true,"showImageEffects":true,"showParticleSystems":true,"showVisualEffectGraphs":true,"m_FxEnabled":true},"in2DMode":false,"pivot":{"x":31.734149932861329,"y":23.600248336791993,"z":-0.349898099899292},"rotation":{"x":-0.2727148234844208,"y":-0.10165222734212876,"z":0.028990330174565316,"w":-0.9562774896621704},"size":5.290153503417969,"orthographic":false}