{"cameraMode":{"drawMode":0,"name":"Shaded","section":"Shading Mode"},"sceneLighting":true,"audioPlay":false,"sceneViewState":{"m_AlwaysRefresh":false,"showFog":true,"showSkybox":true,"showFlares":true,"showImageEffects":true,"showParticleSystems":true,"showVisualEffectGraphs":true,"m_FxEnabled":true},"in2DMode":false,"pivot":{"x":-1.0069198608398438,"y":-0.09016048908233643,"z":-1.5724523067474366},"rotation":{"x":0.047823671251535419,"y":0.9518889784812927,"z":-0.22570161521434785,"w":0.20169495046138764},"size":6.314907073974609,"orthographic":false}