{"cameraMode":{"drawMode":0,"name":"Shaded","section":"Shading Mode"},"sceneLighting":true,"audioPlay":false,"sceneViewState":{"m_AlwaysRefresh":false,"showFog":true,"showSkybox":true,"showFlares":true,"showImageEffects":true,"showParticleSystems":true,"showVisualEffectGraphs":true,"m_FxEnabled":true},"in2DMode":false,"pivot":{"x":0.27675607800483706,"y":0.4271206855773926,"z":-0.1014556884765625},"rotation":{"x":-0.003627972211688757,"y":0.9506359100341797,"z":-0.31008973717689516,"w":-0.01112221460789442},"size":1.9348833560943604,"orthographic":false}