{"cameraMode":{"drawMode":0,"name":"Shaded","section":"Shading Mode"},"sceneLighting":false,"audioPlay":false,"sceneViewState":{"m_AlwaysRefresh":false,"showFog":true,"showSkybox":false,"showFlares":true,"showImageEffects":true,"showParticleSystems":true,"showVisualEffectGraphs":true,"m_FxEnabled":true},"in2DMode":false,"pivot":{"x":-0.08802326023578644,"y":1.3212833404541016,"z":0.06581413745880127},"rotation":{"x":0.015302218496799469,"y":-0.028797978535294534,"z":0.0004396611184347421,"w":0.9994775056838989},"size":1.7505433559417725,"orthographic":false}